1,animation
1,fantasy
1,Pixar
47,dark
47,disturbing
47,thriller
101,off-beat comedy
101,Wes Anderson
208,post-apocalyptic
208,sci-fi
208,survival
223,Dialogue Driven
223,view askew
253,based on a book
253,fantasy
253,vampires
353,comic book
353,Fantasy
353,romance
364,animation
364,Disney
364,musical
471,Coen Brothers
471,Comedy
471,Fantasy
480,action
480,based on a book
480,dinosaurs
480,family
480,pseudoscience
551,atmospheric
551,Christmas
551,Tim Burton
588,Action
588,animation
588,Disney
595,animation
595,Disney
595,fairy tale
741,anime
741,cyberpunk
741,sci-fi
919,based on a book
919,fantasy
919,musical
1032,animation
1032,based on a book
1032,surreal
1080,British
1080,Monty Python
1080,satire
1097,drama
1097,fantasy
1097,sci-fi
1148,animation
1148,british
1148,comedy
1197,based on a book
1197,comedy
1197,fantasy
1202,British
1202,cult film
1202,dark comedy
1259,based on a book
1259,coming of age
1259,friendship
1274,animation
1274,cyberpunk
1274,post-apocalyptic
1527,dystopia
1527,sci-fi
1527,surreal
1580,action
1580,comedy
1580,sci-fi
1721,CLASS DIFFERENCES
1721,drama
1721,romance
1732,crime
1732,Cult classic
1732,cult film
1732,dark comedy
1967,Adventure
1967,fantasy
1967,surreal
2138,animation
2138,atmospheric
2138,based on a book
2140,classic
2140,dark
2140,fantasy
2143,fairy tale
2143,fantasy
2143,romance
2174,comedy
2174,cult film
2174,Tim Burton
2193,fantasy
2291,dark comedy
2291,fantasy
2291,surreal
2313,atmospheric
2313,based on a book
2313,drama
2395,Bill Murray
2395,coming of age
2395,quirky
2628,action
2628,fantasy
2628,sci-fi
2683,parody
2683,spoof
2683,time travel
2706,comedy
2706,high school
2706,sexuality
2716,action
2716,Fantasy
2716,ghosts
2716,New York City
2762,Atmospheric
2762,ghosts
2762,psychological
2762,psychology
2762,twist ending
2918,1980s
2918,coming of age
2918,High School
2987,animation
2987,childhood classics
2987,fantasy
2987,live action/animation
3052,Comedy
3052,satire
3052,view askew
3081,Dark
3081,Fantasy
3081,Tim Burton
3114,animation
3114,Disney
3114,Pixar
3581,90s club culture
3581,British
3581,friendship
3671,Mel Brooks
3671,satire
3671,western
3793,action
3793,comic book
3793,superhero
3897,INNOCENCE LOST
3897,journalism
3897,music
4011,british
4011,comedy
4011,organized crime
4103,based on a book
4103,based on a true story
4103,Steven Spielberg
4226,nonlinear
4226,psychology
4226,twist ending
4446,alien invasion
4446,post-apocalyptic
4446,sci-fi
4571,comedy
4571,sci-fi
4571,time travel
4754,atmospheric
4754,cult film
4754,disturbing
4865,comic book
4865,gothic
4865,Thriller
4878,psychology
4878,sci-fi
4878,surreal
4979,dark comedy
4979,dysfunctional family
4979,Wes Anderson
4993,based on a book
4993,fantasy
4993,Oscar (Best Cinematography)
5072,animation
5072,anime
5349,Action
5349,comic book
5349,superhero
5378,action
5378,fantasy
5378,sci-fi
5679,disturbing
5679,fantasy
5679,remake
5952,based on a book
5952,fantasy
5952,multiple storylines
6242,atmospheric
6242,disturbing
6242,psychological
6283,anime
6283,humorous
6283,sci-fi
6328,asylum
6328,spring
6328,war
6377,animation
6377,friendship
6377,Pixar
6502,British
6502,post-apocalyptic
6502,zombies
6711,atmospheric
6711,friendship
6711,reflective
6820,werewolves
6882,Action
6882,time travel
6942,british
6942,christmas
6942,multiple storylines
6942,Nudity (Topless)
6942,Romance
7147,based on a book
7147,fantasy
7147,surreal
7153,fantasy
7153,multiple storylines
7153,Oscar (Best Picture)
8019,atmospheric
8607,anime
8607,father daughter relationship
8607,Japan
8607,Satoshi Kon
8784,friendship
8784,romance
8961,action
8961,Pixar
8961,superhero
9010,friendship
9010,romance
27660,animation
27660,anime
27660,cyberpunk
27660,sci-fi
27772,fantasy
27772,horror
27772,paranormal
30793,based on a book
30793,fantasy
30793,Tim Burton
30810,comedy
30810,dark
30810,Wes Anderson
31408,bittersweet
31408,coming of age
31408,Nudity (Topless)
31658,based on a book
31658,fantasy
31658,Studio Ghibli
32587,atmospheric
32587,multiple storylines
32587,surreal
34048,action
34048,based on a book
34048,sci-fi
34405,dystopia
34405,sci-fi
34405,social commentary
37729,animation
37729,dark
37729,Tim Burton
37830,based on video game
37830,Dynamic CGI Action
39183,based on a book
39183,romance
39183,sexuality
42002,Broadway
42002,mel brooks
42002,Remake
42213,uplifting
44191,comic book
44191,sci-fi
45728,Kevin Smith
45728,sequel
45728,view askew
46578,dark comedy
46578,road trip
46578,satire
48394,fantasy
48394,Oscar (Best Cinematography)
48394,psychology
48394,surreal
49422,Absurd
49422,French
49422,Michel Hazanavicius
51662,action
51662,atmospheric
51662,comic book
52435,based on a book
52435,Christmas
52435,narrated
52973,Judd Apatow
52973,pregnancy
53519,car chase
53519,Quentin Tarantino
53519,stylized
55269,dark comedy
55269,road trip
55269,Wes Anderson
55908,cult film
55908,psychological
55908,sci-fi
56367,comedy
56367,high school
56367,pregnancy
56757,dark
56757,dark comedy
56757,musical
56757,Tim Burton
57274,atmospheric
57274,horror
57274,zombies
58998,Apatow productions
58998,comedy
58998,romance
61024,comedy
61240,atmospheric
61240,based on a book
61240,coming of age
61240,serial killer
61240,vampires
63082,based on a book
63082,Oscar (Best Picture)
63082,romance
63131,comedy
63131,geeks
63131,Seann William Scott
63131,social commentary
63433,aliens
63433,made for TV
63433,space
64957,Based On Short Story
64957,drama
64957,romance
65261,anime
65261,friendship
65261,Studio Ghibli
66097,animation
66097,based on a book
66097,Surreal
67734,Romance
68073,British
68073,Music
68073,radio
68358,action
68358,sci-fi
68358,time travel
68952,funny
68952,horror
68952,supernatural
68954,friendship
68954,Pixar
68954,romance
69951,escapism
69951,fantasy
69951,surreal
71535,dark comedy
71535,post-apocalyptic
71535,zombies
72171,blaxploitation
72171,exploration
72171,parody
72226,animation
72226,based on a book
72226,Wes Anderson
74458,atmospheric
74458,psychological
74458,stylized
74754,Philip Haldiman
74754,terrible acting
74754,unintentional comedy
74789,based on a book
74789,fantasy
74789,Tim Burton
74916,Dark comedy
74916,Romance
76251,action
76251,high school
76251,superhero
78209,Comedy
78499,adventure
78499,animation
78499,friendship
78499,Pixar
78499,tense
78499,Tom Hanks
79132,alternate reality
79132,fantasy
79132,sci-fi
79702,fantasy
79702,fight scenes
79702,stylized
80846,supernatural
82459,remake
82459,Western
86487,mini series
87234,Coming Of Age
95309,apocalyptic
1213,biography
1270,comedy
1270,quirky
318,atmospheric
318,inspirational
318,prison
318,Stephen King
318,twist ending
4973,beautifully filmed
4973,notable soundtrack
4973,Paris
6502,horror
6502,post-apocalyptic
6502,Zombie
8874,Funniest Movies
8874,parody
8874,Simon Pegg
8874,zombie
56145,apocalypse
56145,predictable
56145,Survival
56171,anti-religion
56171,fantasy world
56171,Nicole Kidman
60753,wrongful imprisonment
62733,zombies
74685,contamination
74685,virus
74685,zombies
74750,Unsteady-cam
74750,zombies
79132,alternate reality
79132,complicated
79132,mindfuck
79132,visually appealing
80398,Jean Reno
80398,left for dead
80398,revenge
80398,shooting
80398,twist
1217,Kurosawa
1217,samurai
1635,Ang Lee
3996,Ang Lee
40583,Political
290,maori
290,violent
2858,thought-provoking
107,treasure
380,arnold
441,cheerleading
485,arnold
589,arnold
592,dark hero
866,neo-noir
898,screwball comedy
905,screwball comedy
910,screwball comedy
913,noir thriller
1078,marx brothers
1097,stranded
1240,arnold
1245,neo-noir
1248,noir thriller
1253,mars
1291,spielberg
1291,treasure
1387,spielberg
1391,mars
1617,neo-noir
1895,cheerleading
2022,christian
2022,jesus
2028,spielberg
2076,neo-noir
2115,spielberg
2115,treasure
2193,dragon
2405,treasure
2571,dark hero
2617,treasure
2662,mars
2718,cheerleading
2726,noir thriller
2916,arnold
2968,terry gilliam
3300,stranded
4878,short-term memory loss
5135,bollywood
5445,spielberg
6377,short-term memory loss
7318,jesus
7386,christian
8366,christian
8622,conspiracy theory
8949,madsen
8949,wine
33162,christian
51884,bollywood
2028,top 10 war film all time
7299,interesting cultural conflict via French viewpoint
7438,well made stupid schlock
25891,wonderful light touch
3498,based on true story
4390,real sex
6868,based on true story
7951,Clive Barker
26309,based on true story
50442,based on true story
296,too violent
597,girlie movie
2245,want to see
2671,girlie movie
3259,girlie movie
4246,girlie movie
4995,book
110,classic
5292,Notable Nudity
5952,best of the series so far
32,dystopia
32,future
32,post-apocalyptic
32,psychology
32,sci-fi
32,time travel
32,twist ending
442,dystopia
442,Wesley Snipes
1077,dystopia
1077,futuristic
1077,time travel
1265,alternate reality
1265,alternate universe
1265,time loop
1265,time travel
1270,alternate reality
1270,future
1270,time travel
1289,Philip Glass
1289,phillip glass score
1371,sci-fi
1371,Star Trek
1653,dystopic future
2528,futuristic
2528,post-apocalyptic
2571,alternate reality
2571,artificial intelligence
2571,cyberpunk
2571,dystopia
2571,fight scenes
2571,martial arts
2571,philosophy
2571,post apocalyptic
2571,virtual reality
4571,time travel
4873,cerebral
4873,dreams
4873,existentialism
4873,thought-provoking
4878,sci-fi
4878,time travel
5502,Alien Invasion
7254,time travel
7817,cerebral
7817,esoteric plotlines
8914,Complicated
8914,complicated plot
8914,intellectual
8914,sci-fi
8914,time travel
36363,sci-fi
44191,dystopia
44191,sci-fi
44191,thought-provoking
48774,dystopia
48774,end of the world
48774,sci-fi
55908,entirely dialogue
55908,intellectual
55908,one set
55908,philosophical
55908,sci-fi
55908,thought-provoking
60069,dystopia
60069,Post apocalyptic
60069,post-apocalyptic
60069,romance
50,great ending
50,mindfuck
2959,action
2959,psychology
2959,schizophrenia
2959,social commentary
2959,surreal
4011,british
4011,Crime
4011,Great dialogue
4011,Guy Ritchie
4011,gypsy accent
4848,David Lynch
4848,dreamlike
4848,mindfuck
4878,mindfuck
4878,mystery
4878,psychology
6774,David Cronenberg
61240,swedish
61240,vampires
4612,comedy
4612,cynicism
4612,intellectual
4612,subtitles
5,childhood classics
5,it thought it was funny but it wasn't
5,watched under duress
5,worst movies ever
344,comedy
344,crude
344,gross-out
344,jim carrey
344,Jim Carrey being Jim Carrey
344,sex jokes
367,Cameron Diaz
367,Crude
367,Jim Carrey being Jim Carrey
367,sex jokes
370,I'm embarassed to find this funny
370,parody
370,seen under duress
370,seen with my parents
455,animal
455,animal movie
455,unnecessarily sad
551,animated
551,innovative
585,Based on a TV Show
585,Comedy
585,misogyny
586,childhood classics
588,Disney
594,animated
594,childhood classics
594,original medium was better
628,Best Movies Ever
628,courtroom drama
628,Deep
628,Ed Norton
628,laura linney
628,politics
628,psychology
628,thought-provoking
708,chick flick
708,childhood classics
750,Deep
750,politics
750,required in high school in 1997
899,enjoyable
899,light
899,required in high school in 1997
1032,Based on a book
1032,Disney
1032,Disney animated feature
1032,dreamlike
1032,Fairy tale
1032,Lewis Carroll
1032,Surreal
1032,Visuals
1035,classic
1080,over-rated
1080,worn-out
1199,Complex
1199,deep
1199,thought-provoking
1203,courtroom drama
1203,politics
1203,thoought-provoking
1207,book was better
1207,politics
1207,required in high school in 1997
1208,book was better
1208,boring
1208,over-rated
1247,over-rated
1259,high school requirement in 1997
1267,Conspiracy
1267,Political
1267,Psychological
1288,cultural classic
1288,mockumentary
1302,childhood classics
1302,expected more
1302,thinks it's profound but it isn't
1302,watched under duress
1377,brain candy
1377,childhood classics
1377,light
1380,childhood classic
1380,sexist
1381,misogyny
1381,sequel
1500,assassin
1500,funny
1500,light
1500,rewatchable
1569,flick
1625,Action
1625,Mystery
1625,psychological
1625,twist ending
1641,actually funny
1722,James Bond
1748,Deep
1748,hot women
1748,innovative
1748,Jennifer Connelly
1748,rewatchable
1748,speculative fiction
1748,thought-provoking
1777,chick flick
1801,Based on a book
1801,Dumas
1921,Cerebral
1921,Engimatic
1921,Existenti
1921,Gory
1921,Mathematics
1921,Psychology
1921,Stylized
1967,Fantasy
1967,Jennifer Connelly
1967,Jim Henson
1967,Muppets
1967,Nostalgia
2006,Catherine Zeta-Jones
2006,hot women
2006,remake
2105,cultural classic
2105,required in high school in 1997
2161,childhood classic first seen in adulthood
2161,over-rated
2167,flick
2167,over-rated
2294,animated
2294,dreamworks
2321,coming of age
2321,political
2321,preachy
2321,Satire
2321,stylized
2321,thoughtful
2329,Best Movies Ever
2329,Deep
2329,Ed Norton
2329,politics
2329,thought-provoking
2424,flick
2424,worn-out
2572,actually funny
2572,better than expected
2572,enjoyable
2572,Julia Stiles
2657,GLTBQ
2657,it thought it was funny but it wasn't
2657,over-rated
2671,chick flick
2692,fun
2692,thought-provoking
2724,flick
2724,it thought it was funny but it wasn't
2746,Dark Comedy
2746,Musical
2746,Nostalgia
2762,cultural classic
2762,enigmatic
2762,M. Night Shyamalan
2762,psychology
2762,twist ending
2762,unique
2918,coming of age
2918,nostalgia
2918,romp
2959,brad pitt
2959,dark comedy
2959,edward norton
2959,mental illness
2959,philosophy
2959,satirical
2959,twist ending
2959,violence
2987,childhood classics
2987,scary
3108,actually funny
3108,deep
3108,more than expected
3108,Robin Williams
3108,thought-provoking
3175,it should have sucked but didn't
3175,parody
3271,book was better (but neither was good)
3271,over-rated
3271,required in high school in 1997
3396,actually funny
3396,childhood classic first seen in adulthood
3396,enjoyable
3396,light
3397,childhood classic first seen in adulthood
3397,light
3448,required in high school in 1997
3448,Robin Williams
3545,better then original medium
3545,GLTBQ
3545,politics
3545,rewatchable
4148,too scared to see it
4226,Christopher Nolan
4226,cult film
4226,dark
4226,memory
4226,nonlinear
4226,psychology
4226,stylized
4226,thoughtful
4226,twist ending
4226,unique
4246,chick flick
4246,fairly bad
4246,instills poor moral values
4246,Renee Zwelleger
4246,sexist
4270,not actually scary
4270,unintentionally funny
4308,flick
4361,childhood classics
4361,GLTBQ
4370,boring
4370,drags
4447,actually funny
4447,better than expected
4447,flick
4641,cultural classic
4641,over-rated
4641,thinks it's profound but it isn't
4720,Nicole Kidman
4720,scary
4816,it thought it was funny but it wasn't
4816,over-rated
4857,childhood classics
4857,original medium was better
4878,Best Movies Ever
4878,funny
4878,thought-provoking
4886,animation
4886,enjoyable
4886,fun
4886,innovative
4886,Pixar
5013,I don't think I got it; willing to try again
5016,based on a book
5016,kevin spacey
5266,flick
5388,compelling
5388,expected more
5388,thought-provoking
5459,crappy sequel
5459,it thought it was funny but it wasn't
5481,comedy
5481,crude
5481,mike myers
5481,Seth green
5481,sex jokes
5481,Spoof
5528,I'm too scared to see this
5618,animated
5618,fun
5618,light
5630,too scared to see it
5952,book was better (but neither was good)
5989,better than expected but still overrated
5989,light
5992,based on a book
5992,Intellectual
5992,Meryl Streep
5992,Nicole Kidman
5992,nonlinear
5992,queer
6350,animated
6350,fun
6541,cultural classic
6541,disappointing
6541,original medium was better
6947,boring
6947,over-rated
7090,atmospheric
7090,beautiful
7090,martial arts
7090,subtitles
7090,visually appealing
7254,scary
7254,terrifying
8360,comedy
8360,crude
8360,Dreamworks
8360,Eddie Murphy
8360,funny
8360,satire
8360,talking animals
8376,it thought it was funny but it wasn't
8376,over-rated
8376,Tina Majorino
8529,Catherine Zeta-Jones
8529,flick
8644,book was better
8970,Best Movies Ever
8984,expected more
8984,original good;sequel sucked
31658,animation
31658,diana wynne jones
31658,had no relation to original medium
31658,the book was better
33004,book was better
33004,enjoyable
33004,light
34048,book was better
34048,movie bore no resemblance to book
34405,Hot women
34405,Joss Whedon
34405,original medium was better (but both were good)
34405,speculative fiction
41997,innovative
41997,politics
41997,thought-provoking
44195,politics
44195,rob lowe
45447,flick
45517,actually funny
45517,fun
45517,innovative
45517,instills good moral values
45517,Pixar
46972,Good children movie
46972,Museum
46972,Not funny
46972,Slapstick
46976,actually funny
46976,best movies of all times
53000,I'm too scared to see this
55276,Corporate espionage
55276,George Clooney
55276,Slow pacing
58559,Atmospheric
58559,Dark
58559,Heath Ledger
58559,Vigilante
58803,based on a book
58803,based on a true story
58803,con artists
58803,Kevin Spacey
58803,loosely based on a true story
58803,mathematics
60069,dystopia
60069,environmental
60069,original
60069,pixar
60069,Preachy
63062,period piece
63062,police corruption
63062,political
66097,3-d
66097,based on a book
66097,Neil gaiman
66097,stop motion
67408,computer animation
67408,Contrived plot
67408,Crude
67408,Cute
67408,Dreamworks
67408,Predictable
68099,astronomy
68099,boring
68099,slow-paced
68099,space
68099,touching
68954,devastating
68954,heartbreaking
68954,Pixar
70286,intelligent sci-fi
70286,mockumentry
70286,slow paced
70286,social commentary
70286,thoughtful
70286,unique
70286,violence
71057,dark fantasy
71057,devastating
71057,Interesting animation style
71057,Poorly paced
71057,Predictable
71057,Visually appealing
73017,Action
73017,Atmospheric
73017,Based on a book
73017,Historic fiction
73017,Mystery
73017,Sherlock Holmes
1236,Adrienne Shelly
858,Al Pacino
43921,runaway
43921,thrilling
86835,Dimensionalized 2-D to 3-D
32,complicated
32,dystopia
32,genetics
32,Post apocalyptic
32,post-apocalyptic
32,psychology
32,twist ending
32,violence
34,Animal
34,Animal movie
34,animals
34,barnyard animals
34,children
34,fantasy
34,farm
34,pigs
34,rats
34,sheep
34,talking animals
47,crime
47,disturbing
47,drama
47,greed
47,horror
47,investigation
47,police
47,powerful ending
47,psychology
47,serial killer
47,thriller
47,twist ending
47,twists & turns
47,violent
50,complicated
50,conspiracy
50,Crime
50,Dark
50,heist
50,mindfuck
50,organized crime
50,suspense
50,thriller
50,tricky
50,twist ending
110,drama
110,Nudity (Topless)
110,revenge
110,sword fight
110,violent
110,war
133,drama
133,spanish
150,catastrophe
150,disaster
150,drama
150,suspense
150,tense
153,bank robbery
153,crime
153,rubber nipples
153,vigilante
165,bmf
165,crime
165,heist
165,more explosions
165,terrorism
165,thriller
165,violent
231,Gross-out
231,irreverent
231,raunchy
231,stupid
260,war
296,assassin
296,black comedy
296,cult film
296,dark comedy
296,drugs
296,gangsters
296,mafia
296,organized crime
296,Quentin Tarantino
296,violence
316,tense
316,violence
318,crime
318,drama
318,justice
318,prison
318,prison escape
318,reflective
318,revenge
318,Stephen King
318,thought-provoking
318,twist ending
344,Gross-out
349,cia
349,clancy
349,confrontational
349,jack ryan
349,tense
349,thiller
356,bittersweet
356,drama
356,psychology
356,Vietnam
356,vietnam war
356,war
367,animal:dog
367,annoying sexist stereotype mars story
367,cartoonish
367,comedy
367,crime
367,mafia
377,AFI 100 (Thrills)
377,bomb
377,explosions
377,rousing
377,speed
377,tense
377,Thriller
377,visceral
380,70mm
380,espionage
380,spies
380,terrorism
380,thriller
457,AFI 100 (Thrills)
457,crime
457,menacing
457,murder
457,ominous
457,paranoid
457,police investigation
457,tense
457,thriller
457,violence
480,drama
480,genetics
480,horror
480,Suspense
500,children
500,Comedy
500,creepy stalker
500,cross dressing
500,cross dressing men
500,divorce
500,double life
500,Drama
500,impostor
500,men in drag
500,Moving
500,transvestism
527,depressing
527,disturbing
527,drama
527,Holocaust
527,Nazis
527,war
527,World War II
588,animation
588,children
588,fairy tale
588,funny
588,kids
588,kids and family
588,musical
589,apocalypse
589,assassin
589,dystopia
589,nuclear war
589,violence
590,boring
590,drama
590,suicide attempt
590,war
590,western
592,crime
592,dark
592,revenge
592,thriller
592,vigilante
593,cannibalism
593,crime
593,disturbing
593,drama
593,gothic
593,Hannibal Lecter
593,psychiatrist
593,psychology
593,serial killer
595,affectionate
595,animation
595,beautiful
595,Disney animated feature
595,fairy tale
595,France
595,gentle
595,heartwarming
595,heroine
595,humorous
595,kids and family
595,Oscar (Best Music - Original Score)
595,Oscar (Best Music - Original Song)
595,redemption
595,slow
595,whimsical
597,plot:client falls in love with sex worker
597,PROSTITUTES
597,prostitution
608,black comedy
608,crime
608,crime gone awry
608,dark comedy
608,disturbing in a bad way
608,hostage
608,kidnapping
608,murder
608,police
608,violent
648,Classic Thriller
648,confusing
648,confusing plot
648,espionage
648,military
648,murder
648,suspense
654,drama
654,german
733,Alcatraz
733,biological warfare
733,prison
733,R
733,setting:Alcatraz
733,setting:prison
733,terrorism
733,thriller
736,disaster
736,natural disaster
736,science
736,thriller
736,twist ending
780,alien invasion
780,apocalypse
780,conspiracy theory
780,disaster
780,end of the world
780,tense
780,war
858,crime
858,drama
858,Mafia
858,melancholy
858,Nudity (Topless)
858,organized crime
986,Animal movie
1025,animated
1025,animation
1025,Cartoon
1025,children
1025,Disney
1025,fantasy
1025,King Arthur
1025,musical
1029,animals
1029,animation
1029,Betamax
1029,children cartoon
1029,disturbing clown content
1029,elephants
1029,musical
1029,orphaned cartoon character
1029,Oscar (Best Music - Original Score)
1029,sad. again with the dying animated animals
1029,subgenre:fable
1029,talking animals
1196,war
1198,Nazis
1198,racism
1198,World War II
1210,drama
1210,violent
1210,war
2028,disturbing
2028,drama
2028,enormously long battle scene
2028,Oscar (Best Sound)
2028,violent
2028,war
2028,World War II
2048,animation
2048,kids
2048,kids and family
2048,mouse
2083,fun movie
2083,mummy
2083,talking animals
2085,animals
2085,animation
2085,cute
2085,disney animated feature
2085,dog
2085,dogs
2085,fashion
2085,fun
2085,great animated film
2085,kids and family
2085,kids movie
2090,Animation
2090,child abuse
2090,mouse
2090,revenge
2102,surreal
2499,bizarre
2499,cancer
2571,cult film
2571,dystopia
2571,fight scenes
2571,Keanu Reeves
2571,martial arts
2571,philosophy
2571,post apocalyptic
2571,post-apocalyptic
2571,surreal
2571,thriller
2762,AFI 100 (Thrills)
2762,Drama
2762,ghosts/afterlife
2762,mindfuck
2762,psychology
2762,somber
2762,surprise ending
2762,suspense
2762,twist ending
2846,cats
2846,cats and dogs
2846,Cute animals
2846,dogs
2846,heartwarming
2846,kids
2858,black comedy
2858,dark comedy
2858,Nudity (Topless - Notable)
2858,reflective
2858,satirical
2858,sexuality
2858,surrealism
2858,thought-provoking
2858,violence
2886,elmo
2886,muppets
2886,vanessa l. williams
2899,children
3157,cats
3157,cheesy
3157,childre
3157,comedy
3157,kids
3157,kids movie
3157,mouse
3157,talking animals
3157,talking mouse
3397,children
3397,light
3397,talking animals
3398,great childhood movie
3398,talking animals
3412,animals
3412,Animals die :(
3412,family
3412,hunting
3751,animals
3751,animation
3751,birds
3751,children
3751,claymation
3751,family
3751,funny
3751,happy
3751,humor
3751,humorous
3751,stop motion
3751,talking animals
3820,children
3820,Thomas the Tank Engine
3820,trains
4016,Disney
4016,Disney animated feature
4016,empty
4016,G
4016,ostensibly for kids but: chock full o' prejudice:sexism & ageism
5444,animation
5444,Children
5444,cute
5444,Disney animated feature
5444,family
5444,fun
5444,funny
5444,heartbreaking
5444,kids
5444,life
5444,redemption
6377,animation
6377,birds
6377,children
6377,Comedy
6377,feel good movie
6377,funny
6377,memory loss
6377,ocean
6377,talking animals
6377,underwater
6618,cantonese
8574,Christmas
8574,claymation
8574,comedy
8574,funny
8574,holiday
8574,Motown
8574,musical
8574,short
8711,jaded
8765,crime
8765,fugitive
8765,thriller
8920,alcoholism
8920,drama
8961,animation
8961,comedy
8961,family
8961,funny
26048,drama
26048,japanese
26048,war
26133,mental illness
26133,short
31193,cartoon
31193,disney
31193,mental illness
31193,series:Pooh
31687,Disney
33340,japanese
46948,basketball
46948,claymation
46948,friends
46948,games
46948,halloween
46948,Halloween theme
46948,haunted house
46948,house
46948,Motion Capture
50601,bullying
50601,death of a child
50601,sad
50872,animation
50872,books
50872,cooking
50872,Family
50872,food
50872,food/cooking
50872,France
50872,funny
50872,imaginary friend
50872,imagination
50872,rats
50872,talking animals
52287,kids and family
54248,dark
54248,DARK COMEDY
54248,insanity
54248,killing
57504,drama
57504,japan
57504,japanese
58299,elephants
58299,happy ending
58299,jungle
58299,talking animals
59549,coming out
59549,gay
59549,gay character
59549,gay lead character
59549,gay relationship
59549,gay romance
59549,homosexuality
59784,animals
59784,animation
59784,comedy
59784,food
59784,kids
59784,violence
60020,blood
60020,drama
60020,hurt
60020,jet li
60020,war
60069,adventure
60069,animated
60069,animation
60069,dystopia
60069,environmental
60069,family
60069,heartfelt
60069,love
60069,post-apocalyptic
60382,documentary
63312,dark
63312,german
63312,thirty years' war
63312,war
63540,dogs
63540,talking animals
64993,drama
64993,japanese
64993,love
64993,nature
68486,action
68486,drama
68486,mandarin
68486,war
68954,adventure
68954,computer animation
68954,divorce
68954,dogs
68954,dreams
68954,feel good movie
68954,friendship
68954,happy ending
68954,heartbreaking
68954,mourning
68954,pretty
68954,sappy
68954,sweet
68954,talking animals
70334,comedy
70334,disney
70334,drama
70334,happy
70334,kids movie
70334,music
70334,musical
364,animals
364,disney
364,lions
32587,film noir comic book
3272,Catholicism
4857,Judaism
26974,Bizarre
150,space
541,SF
924,SF
924,space
1036,definitive
1212,love this movie
1214,SF
1214,space
1230,romantic
1240,SF
1252,love this movie
1584,SF
1639,romantic
1653,SF
2009,SF
2076,love this movie
2311,space
3503,SF
3703,SF
4416,SF
4848,love this movie
5349,love this movie
6979,SF
7128,SF
8638,romantic
8914,love this movie
8914,SF
8914,time travel
26554,SF
6373,jim carrey as god=scary
1292,naive
1292,Oscar (Best Supporting Actor)
1292,Peter Sellers
1292,television
54426,communism
54426,Corneliu Porumboiu
54426,original
54426,Romania
71108,anger
71108,atmospheric
71108,black and white
71108,Golden Palm
71108,Michael Haneke
71108,no soundtrack
71108,Palme d'Or
71108,small town
71108,suspense
71108,thought-provoking
83184,characters
83184,dark ending
83184,Korean
83184,too long
83184,violence
88690,edgar allan poe
88690,mistery
88690,murder
88690,stupid plot
89000,acting
89000,Argentina
89000,lawyers
89000,police corruption
89000,Ricardo Darin
90531,classical music
90531,frustration
90531,long takes
90531,New York City
90531,running scene
90531,self-destruction
91529,dark
91529,imdb top 250
91529,intense
91529,plot twist
91535,fast paced
91535,franchise
91535,genetic engineering
91535,Rachel Weisz
91535,spies
93164,Character study
93164,hitchcockian
93164,murder
93164,obsession
93164,suspense
94864,aliens
94864,bad plot
94864,boring
94864,predictable
94864,scary
94864,sci fi
94864,space travel
95441,bromance
95441,buddy movie
95441,crude humor
95441,directorial debut
95441,Mark Wahlberg
95441,Mila Kunis
95441,Nudity (Topless)
96415,buddhism
96415,Korean
96415,sci fi
96415,script fail
96415,Short Stories
96415,zombies
96861,happy ending
96861,kidnapping
96861,predictable
96861,Revenge
97752,atmospheric
97752,independent film
97752,multiple roles
97752,visually appealing
98122,computer game
98122,indie
98122,Microsoft
98122,software developers
98809,adventure
98809,author:J. R. R. Tolkein
98809,beautiful scenery
98809,big budget
98809,epic
98809,franchise
98809,magic
98809,Middle Earth
98809,Peter Jackson
98809,too long
527,biopic
527,historical
527,Holocaust
527,WWII
1203,courtroom drama
1215,ancient book
1215,black comedy
1215,campy
1215,cult horror
1215,dark humor
1215,demon possession
1215,demons
1215,evil spirits
1215,heroic
1215,isolation
1215,Necronomicon
1215,occult
1215,possession
1215,undead
1215,wilderness
1261,ancient book
1261,black comedy
1261,cult horror
1261,dark humor
1261,demon possession
1261,demons
1261,evil spirits
1261,heroic
1261,isolation
1261,Necronomicon
1261,occult
1261,possession
1261,undead
1261,wilderness
1645,antichrist
1645,courtroom drama
1645,demons
1645,devil
1645,fallen angel
1645,lucifer
1645,occult
1645,satan
1645,sin
1645,temptation
2560,legend
2560,survival
2560,unconventional
2560,vampires
2560,wendigo
2560,wilderness
3074,atmospheric
3074,isolationist
3074,survivalist
3074,wilderness
3108,chivalrous
3108,compassionate
3108,quest
4105,ancient book
4105,black comedy
4105,campy
4105,cult horror
4105,dark humor
4105,demon possession
4105,demons
4105,evil spirits
4105,heroic
4105,isolation
4105,Necronomicon
4105,occult
4105,possession
4105,stylish
4105,undead
4105,wilderness
5673,happiness
5673,love
6511,biopic
6511,epic
6511,gospel
6511,historical
6511,Jesus Christ
6511,transcendental
6511,truth
8874,black comedy
8874,dark humor
8874,spoof
8874,undead
8874,zombies
8985,vampires
31696,spiritual warfare
47999,another gospel
47999,false gospel
47999,false prophets
47999,false teachers
47999,fanaticism
47999,radical
48678,atypical
48678,excessive
48678,repulsive
65126,holy bloodline
17,chick flick
17,hugh grant
17,romance
17,shakespeare
316,aliens
316,archaeology
316,military
316,mythology
316,time travel
589,apocalypse
589,Arnold Schwarzenegger
589,artificial intelligence
589,future
589,narrated
589,time travel
1183,chick flick
1183,love story
1183,sentimental
4446,aliens
4446,visually stunning
4446,weak characters
8969,chick flick
8969,Renee Zellweger
55908,evolution
55908,immortality
55908,intellectual
55908,science fiction
55908,underrated
85414,military
85414,parallel universe
85414,time loop
85414,time travel
85414,twist ending
90746,animation
90746,comic book
90746,motion capture
90746,treasure hunt
111759,aliens
111759,comic book
111759,future
111759,original plot
111759,sci-fi
111759,time loop
111759,time travel
111759,Tom Cruise
112460,animation
112460,disney
112460,planes
31658,anime
22,suspenseful
25,melancholic
32,time loop
74,chick flick
125,Ben Stiller
125,Glenn Fitzgerald
125,Patricia Arquette
125,TÃ©a Leoni
140,love story
151,18th century
165,Bruce Willis
165,Jeremy Irons
165,Samuel L. Jackson
173,comics
236,romantic
318,Morgan Freeman
318,powerful ending
318,Tim Robbins
356,Robin Wright Penn
356,Tom Hanks
367,Jim Carrey
448,existentialism
539,happy ending
587,love story
593,excellent script
595,fairy tales
597,happy ending
653,fairy tales
784,Ben Stiller
784,Jack Black
784,Jim Carey
1092,Sharon Stone
1196,modern fantasy
1250,courage
1270,time loop
1277,18th century
1307,romantic
1408,18th century
1445,Tim Curry
1620,psychological
1704,excellent script
1719,melancholic
1748,existentialism
1777,romantic comedy
1784,excellent script
1784,Helen Hunt
1784,Jack Nicholson
1959,love story
2001,Mel Gibson
2001,Patsy Kensit
2011,time loop
2081,happy ending
2125,girlie movie
2273,Jackie Chan
2335,Adam Sandler
2335,Fairuza Balk
2335,Henry Wrinkler
2485,girlie movie
2572,girlie movie
2640,comics
2671,happy ending
2694,Rob Schneider
2724,happy ending
2858,excellent script
3146,Amy Poehler
3146,Arija Bareikis
3146,Rob Schneider
3146,William Forsythe
3147,Michael Clarke Duncan
3147,Tom Hanks
3173,Al Pacino
3173,James Woods
3210,Jennifer Jason Leigh
3210,Phoebe Cates
3263,Woody Harrelson
3624,Jackie Chan
3624,Owen Wilson
3793,comics
3863,psychological
3968,Brendan Fraser
3988,Christine Baranski
3988,Jim Carrey
3988,Taylor Momsen
4011,Brad Pitt
4011,complicated plot
4011,Jason Statham
4018,chick flick
4018,Helen Hunt
4018,Mel Gibson
4069,chick flick
4153,chris rock
4226,complicated plot
4246,Renee Zellweger
4270,Rachel Weisz
4387,Jet Li
4467,18th century
4890,Gwyneth Paltrow
4890,Jack Black
4890,Jason Alexander
4993,modern fantasy
5266,suspenseful
5283,Ryan Reynolds
5283,Tara Reid
5349,comics
5419,Matthew Lillard
5445,time loop
5445,Tom Cruise
5669,brainwashing
5989,Tom Hanks
6016,powerful ending
6059,Al Pacino
6155,girlie movie
6156,Jackie Chan
6156,Owen Wilson
6187,Kevin Spacey
6188,Will Ferrell
6711,Anna Faris
6711,Bill Murray
6711,Giovanni Ribisi
6711,Scarlett Johansson
6711,Tokyo
6870,powerful ending
6936,Mary Steenburgen
6936,Peter Dinklage
6936,Will Ferrell
6936,Zooey Deschanel
6957,Bernie Mac
6957,Billy Bob Thornton
6957,John Ritter
6957,Lauren Graham
7048,Martin Lawrence
7048,Steve Oedekerk
7048,Tim Robbins
7149,Dianne Keaton
7173,Ben Stiller
7173,Philip Seymour Hoffman
7254,psychological
7360,Jake Weber
7360,Sarah Polley
7360,Ty Burrell
7448,Jack Black
7541,Hide this
8360,fairy tales
8622,brainwashing
8636,comics
8641,Vince Vaughn
8641,Will Ferrell
8784,Natalie Portman
8784,Zach Braff
8836,Josh Hartnett
8836,Matthew Lillard
8836,Romance
8836,Rose Byrne
8957,psychological
8978,Tim Allen
27685,Anne Judson-Yager
27685,Bree Turner
30749,courage
31427,psychology
31435,James McAvoy
31435,Romola Garai
31435,Steven Robertson
31696,Tilda Swinton
32587,Quentin Tarantino
32598,Lindsay Barrymore
33794,comics
34048,Steven Spielberg
34162,Isla Fisher
34162,Owen Wilson
34162,Vince Vaughn
34162,Will Ferrell
34319,Scarlett Johansson
34437,melancholic
35957,Cillian Murphy
35957,Rachel McAdams
36517,Rachel Weisz
36517,Ralph Fiennes
36527,Anthony Hopkins
36527,Gwyneth Paltrow
38992,Al Pacino
38992,Matthew McConaughey
39444,Nicolas Cage
39449,Bryan Greenberg
39449,Meryl Streep
39449,Uma Thurman
40966,Johnny Depp
44195,Aaron Eckhart
44199,Clive Owen
44929,Heath Ledger
45208,Robin Williams
45517,Owen Wilson
45666,Jack Black
45728,Jeff Anderson
45728,Trevor Fehrman
46578,Abigail Breslin
46578,Greg Kinnear
46578,Steve Carell
46976,Dustin Hoffman
46976,Emma Thompson
46976,Maggie Gyllenhaal
46976,Will Ferrell
47261,Robin Williams
47640,Jay Chandrasekhar
47640,Nat Faxon
47640,Ralf Moeller
47810,Leelee Sobieski
47810,Molly Parker
48385,Sacha Baron Cohen
49822,Angelina Jolie
51255,Simon Pegg
51575,John Travolta
52245,Will Ferrell
52973,Katherine Heigl
53974,Mandy Moore
53974,Robin Williams
54612,Alan Alda
54612,Kathryn Morris
54612,Rachel Nichols
54612,Samuel L. Jackson
55261,Ben Stiller
55261,Malin Akerman
55955,Kevin Spacey
55955,Paul Hiamatti
55955,Vince Vaughn
56587,Beverly Todd
56587,Jack Nicholson
56587,Morgan Freeman
56633,Gerard Butler
56633,Maria Bello
56788,Julia Roberts
56788,Philip Seymour Hoffman
57526,Joseph Cross
57669,Jordan Prentice
58291,Martin Lawrence
59258,Dax Sheppard
59258,Greg Kinnear
59258,Pregnancy
59258,Steve Martin
59900,Adam Sandler
60948,Alan Rickman
61262,Kiefer Sutherland
66509,Adam Sandler
66509,Eric Bana
66509,Iris Apatow
66509,Judd Apatow
66509,Seth Rogen
67193,Julia Roberts
68749,Steve Zahn
68843,James Corden
69122,Ken Jeong
69253,Renee Zellweger
69406,Craig T. Nelson
69406,Sandra Bullock
69757,Zooey Deschanel
70159,Isabelle Fuhrman
70567,Frankie Faison
70567,Hugh Dancy
70567,Max Mayer
70567,Peter Gallagher
70567,Rose Byrne
70695,Chace Crawford
70695,Shannon Woodward
74488,Alicja Bachleda
74488,Colin Farrell
74916,Ben Stiller
75813,Edward Norton
75813,Tim Blake Nelson
81537,Zach Galifianakis
92448,Kevin Nealon
92448,Stephen Dorff
95441,Mark Wahlberg
95441,Mila Kunis
95441,Seth MacFarlane
106782,Amoral
106782,crime
106782,Economically Illiterate Writers
106782,ENFP
106782,inaccurate
106782,Jonah Hill
106782,Left-Wing Propaganda
106782,Left-Wing Writers
106782,Orgies
106782,profanity
106782,unsatisfying ending
2687,Disney
79132,alternate reality
357,Andie MacDowell is always terrible
1265,Andie MacDowell is always terrible
8914,mindblowing
32,sci-fi
924,sci-fi
1059,Leonardo DiCaprio
1059,romance
1127,sci-fi
1199,sci-fi
1584,sci-fi
1653,sci-fi
1721,Leonardo DiCaprio
1721,romance
1721,true story
1779,sci-fi
2424,romance
2997,sci-fi
3285,Leonardo DiCaprio
3285,romance
4975,sci-fi
5445,Tom Cruise
5989,Leonardo DiCaprio
5989,true story
8798,Tom Cruise
34048,action
34048,aliens
34048,Tom Cruise
47382,dance
59315,superhero
2144,Nudity (Topless)
47,captivating
47,shocking
50,characters
50,Web of Lies
356,#lifelessons
356,bittersweet
356,cloying
356,schmaltzy
781,Beauty
781,Relationships
1089,crime
1089,ensemble cast
1089,great dialogue
1089,racism
1089,violence
1089,Web of Intrigue
1196,gee-whiz factor
1196,heroes in peril
1198,adventure
1198,AFI 100
1198,atmospheric
1198,classic
1198,Determined Hero
1198,good versus evil
1198,great characters
1198,great soundtrack
1198,indiana jones
1198,Nazis
1198,racism
1198,romance
1198,treasure hunt
1200,action-packed
1200,suspense
1240,dystopic future
1261,Bruce Campbell
1261,dark humor
1261,Great Ending
1285,dark comedy
1285,Quotable
1285,satirical
1285,serial killer
1285,suicide
1295,aimlessness
1295,bittersweet
1295,Daniel Day-Lewis
1295,Juliette Binoche
1295,Lena Olin
1372,cheesy (good)
1372,Confronting Xenophobia
1372,Fond Farewell
1372,Friendship
1372,Grand Themes
1372,Nimble Old Guys
1372,sci-fi
1372,Teamwork
1374,Enterprise
1374,Facing Mortality
1374,Friendship
1374,Khan! (distant echo: khan!)
1374,Master Villain
1374,sacrifice
1374,sci-fi
1374,space
1374,Star Trek
1374,Teamwork
2692,inventive
2912,unusual editing
2916,cheesy (good)
2916,imaginative
3527,action-packed
3527,Bravado
3527,suspenseful
3735,bravery
3735,corruption
3735,determination
3735,disillusionment
3735,idealism
3735,sacrifice
3735,slow start
3972,comedy
3972,Jackie Chan
3972,martial arts
3972,physical comedy
3972,slapstick
3972,Stunts
3996,Allegory
3996,atmospheric
3996,beautifully filmed
3996,dreamlike
3996,fight scenes
3996,martial arts
3996,Myth
3996,strong female characters
3996,the desert
3996,tragic
3996,visually stunning
4846,corny
4846,funny
4846,hilarious martial arts
4846,kung fu
4846,over-the-top action
4928,beautiful actresses
4928,Entitlement
4928,Love-Hate Relationship
4928,satire
4928,Sexual Harassment
4967,Absurdity of War
4967,complex characters
4967,Scathing
4967,social commentary
4967,Starts slow
4967,Strong Finish
5618,coming of age
5618,Heroine
5618,Imaginative
5618,Plucky Determination
5618,Rich Fantasy World
6283,amazing artwork
6283,Animation
6283,bad story
6283,boring
6283,BOUNTY HUNTERS
6283,characters
6283,fight scenes
6283,good score
6283,UNLIKELY HEROES
7256,disturbing
7256,dumbfounding
7256,gripping
7256,harrowing
7256,Near Death Experience
7256,the will to survive
7361,bittersweet
7361,dreamlike
7361,insightful
7361,lovely
7361,romance
7361,sci-fi
7361,surprising
7361,thought-provoking
7361,touching
8874,funny
8874,Great Cast
8874,Parody and Homage
8874,Well-Writen
8950,guilt and redemption
8950,mystery
8950,powerful ending
27773,gratuitous
27773,shocking
27773,shocking ending
27773,stylized
27773,twist ending
34542,eccentricity
47997,satire
47997,social commentary
47997,thin premise
48516,ensemble cast
48516,intrigue
48516,remake
48516,Suspense
48516,too long
48516,twist ending
56921,big acting
56921,character drama
56921,jingoistic
56921,melodrama
56921,space opera
56921,Tense
56921,the road not taken
59336,Chiwetel Ejiofor
59336,combat
59336,far-fetched
59336,illogical
60069,Expression through movement
60069,Inventive
60069,physical comedy
62336,annoying
62336,funny
62336,stylish
62336,surreal
62336,too weird
62336,way over the top
62336,wtf
64839,Hubris
64839,Marisa Tomei Nudity (Again)
64839,Terrible Choices by Characters
64839,Tragedy
77596,Claustrophobic
79132,great soundtrack
79132,imaginative
79132,menswear - outstanding
79132,visually appealing
84152,interesting premise
84152,visually appealing
84152,wasted premise potential
85774,Alain Prost
85774,Ayrton Senna
85774,biography
85774,Formula 1 racing
85774,Gripping
85774,National Hero
85774,rivalry
85774,Tragic
85774,Triumph
85774,true story
86142,against all odds
86142,Bushido Code of Honor
86142,feudal japan
86142,horrific violence
86142,samurai
86142,samurai battles
86142,self-sacrifice
86142,surprise tactics
86142,teamwork
86892,action
86892,hard-boiled
87960,enthralling
87960,informative
87960,mind-bending
89804,Bechdel Test:Fail
89804,hard to relate to
89804,loss of innocence
89804,unlikeable characters
89904,dogs
89904,great actors
89904,original
89904,sentimental
89904,silent movie
89904,slow
89904,thin plot
92259,cliche
92259,feel good movie
92259,sexuality
92259,unlikely friendship
93838,awesome martial arts
93838,brutal
93838,drags on
93838,high body count
93838,intense
93838,strong start
93838,thin plot
96079,beautifully filmed
96079,plot
96079,silly
96610,bad makeup
96610,dumb
96610,great ending
100106,creative
100106,philosophy
100106,thought-provoking
100106,wipes nose with hand repeatedly!
102125,funny
102125,ludicrous
102125,Robert Downey Jr.
103228,giant monster
103228,giant robots
103228,Guillermo del Toro
103228,music
103228,Rinko Kikuchi
103228,visually appealing
103439,crime
103439,double-dealing
103439,Good Characters
103439,heist
103439,Intrigue
103439,twists
106489,muddled plot
106489,poor character development
106489,too long
106489,too many plot lines
106782,Amoral
106782,Anti-Hero
106782,Astounding
106782,Darkly Funny
106782,Excess
106782,eye-opening
106782,Long
106782,social commentary
108983,charming
108983,coming of age
108983,imaginative
109673,ancient naval battles
109673,Greco-Persian War - mythologized
109687,Sciencey
110039,Corny
110039,Formulaic
110039,Japanimation
110039,Visuals
111759,mind-bending
111759,time loop
112852,5 Han Solos
112852,Action
112852,adventure
112852,for kids or adults?
112852,fun at times
112852,Great Visuals
112852,overrated
112852,sexism
112852,Space Sci-Fi
112852,Teamwork
112852,Vin Diesel
112852,violent
110,Mel Gibson
1321,atmospheric
1321,Jenny Agutter
4235,dead dogs
4848,Enigmatic
4848,mystery
4848,Nudity (Full Frontal - Notable)
4848,Nudity (Full Frontal)
4848,sexual
4848,surreal
4979,Bill Murray
4979,great soundtrack
4979,new york
4979,Owen Wilson
4979,Wes Anderson
5377,Nick Hornby
30810,Bill Murray
60213,david cross
61206,great sound
61206,turn it up
61206,voyeurism
72733,lacks tension
79897,anticlimactic
79897,Bill Murray
83798,inane
83798,lesbian
83798,maria valverde
88129,flat characters
296,different
296,unique
296,violent
